workload,variant,structure,n,time_ms,steps,moves,comparisons
W1,-,DynamicArray,100,0.0893,10000,0,0
W1,-,MyLinkedList,100,1.2995,501327,0,0
W2,-,DynamicArray,100,0.4830,75375,0,75375
W2,-,MyLinkedList,100,0.3212,74875,0,75375
W3,head,DynamicArray,100,0.5126,1201120,1200120,0
W3,head,MyLinkedList,100,0.1063,0,3000,0
W3,middle,DynamicArray,100,0.2706,1101120,1100120,0
W3,middle,MyLinkedList,100,0.6227,98000,3000,0
W4,-,MinHeap,100,0.1101,1346,820,1035
W5,-,MinHeap-buildHeap,100,0.0194,335,216,184
W5,-,MinHeap-insertN,100,0.0041,195,200,194
W1,-,DynamicArray,1000,0.0263,10000,0,0
W1,-,MyLinkedList,1000,5.9568,5011262,0,0
W2,-,DynamicArray,1000,0.4979,750836,0,750836
W2,-,MyLinkedList,1000,2.1136,750336,0,750836
W3,head,DynamicArray,1000,0.5163,3001280,3000280,0
W3,head,MyLinkedList,1000,0.0225,0,3000,0
W3,middle,DynamicArray,1000,0.3718,2001280,2000280,0
W3,middle,MyLinkedList,1000,0.6180,998000,3000,0
W4,-,MinHeap,1000,0.2140,20233,11604,17226
W5,-,MinHeap-buildHeap,1000,0.0693,3358,2241,1857
W5,-,MinHeap-insertN,1000,0.0477,2233,2239,2232
W1,-,DynamicArray,10000,0.1299,10000,0,0
W1,-,MyLinkedList,10000,95.8882,50178951,0,0
W2,-,DynamicArray,10000,4.2655,7529336,0,7529336
W2,-,MyLinkedList,10000,19.8166,7528836,0,7529336
W3,head,DynamicArray,10000,3.5418,21010240,21009240,0
W3,head,MyLinkedList,10000,0.0226,0,3000,0
W3,middle,DynamicArray,10000,1.8034,11010240,11009240,0
W3,middle,MyLinkedList,10000,4.1663,9998000,3000,0
W4,-,MinHeap,10000,1.8090,275696,155915,239329
W5,-,MinHeap-buildHeap,10000,0.1778,33741,22438,18740
W5,-,MinHeap-insertN,10000,0.4158,22594,22603,22593
W1,-,DynamicArray,100000,0.0373,10000,0,0
W1,-,MyLinkedList,100000,1430.3829,504930938,0,0
W2,-,DynamicArray,100000,42.2392,73835543,0,73835543
W2,-,MyLinkedList,100000,198.2953,73835043,0,73835543
W3,head,DynamicArray,100000,38.3653,201000000,200999000,0
W3,head,MyLinkedList,100000,0.0166,0,3000,0
W3,middle,DynamicArray,100000,18.7216,101000000,100999000,0
W3,middle,MyLinkedList,100000,286.5620,99998000,3000,0
W4,-,MinHeap,100000,14.8781,3390180,1859235,3059125
W5,-,MinHeap-buildHeap,100000,1.2428,338425,224241,188424
W5,-,MinHeap-insertN,100000,1.6851,227663,227675,227662
